bx,by,bz,rx,ry,rz,heading
1.35,0.048556637,1.03,-2.001716,0.32127526,0.7594638,-0.057354919612407684
1.2445754,0.038166508,1.063084,-2.0043383,0.3219374,0.7609936,-0.034680869430303574
1.140294,0.027889038,1.0919042,-2.0062,0.32293016,0.75763136,-0.017134658992290497
1.0371205,0.017720757,1.1165129,-2.00749,0.32381254,0.7505277,0.0013405525824055076
0.93502235,0.0076584676,1.1369596,-2.0088997,0.3241645,0.74101347,0.023142360150814056
0.83396983,-0.002300777,1.153291,-2.0103936,0.32432568,0.72909427,0.048433348536491394
0.7339356,-0.012159675,1.1655513,-2.0112982,0.32444885,0.7155527,0.07722611725330353
0.6348945,-0.02192069,1.1737835,-2.0107887,0.32378682,0.70378757,0.09497576206922531
0.5368238,-0.031586066,1.1780282,-2.0088809,0.32176974,0.6953729,0.09715286642313004
0.43970305,-0.04115782,1.178325,-2.006253,0.31831953,0.6891966,0.09042089432477951
0.34351373,-0.050637774,1.174712,-2.003583,0.3134734,0.68444526,0.08049771934747696
0.24823958,-0.060027536,1.1672258,-2.0011544,0.30722198,0.680326,0.06969977170228958
0.153866,-0.06932853,1.1559032,-1.9988528,0.2997858,0.67678314,0.06046465411782265
0.06038034,-0.078542024,1.1407799,-1.9965452,0.29147983,0.6738224,0.05512463301420212
-0.032228336,-0.08766909,1.1218907,-1.9941465,0.2824308,0.67114925,0.052957430481910706
-0.12396936,-0.09671064,1.0992713,-1.9916329,0.27266666,0.6685425,0.050073668360710144
-0.21485056,-0.10566745,1.0729564,-1.9890168,0.262188,0.6659015,0.04495798796415329
-0.30487838,-0.114540145,1.0429814,-1.9863943,0.25106877,0.6632118,0.036470480263233185
-0.39405787,-0.12332924,1.0093812,-1.9826891,0.23923448,0.6620361,0.029955238103866577
-0.48239306,-0.13203514,0.97219205,-1.977477,0.2274056,0.66190803,0.030009321868419647
-0.5698867,-0.1406581,0.93145007,-1.9713596,0.2162007,0.66242915,0.0336870476603508
-0.65654075,-0.14919832,0.88719213,-1.9650104,0.20591456,0.66333216,0.037589870393276215
-0.74235624,-0.15765588,0.8394556,-1.9586096,0.19645469,0.66446924,0.04142763093113899
-0.82108665,-0.16541477,0.81340677,-1.9520059,0.1876491,0.6658231,0.046066321432590485
-0.88073695,-0.17129126,0.85777736,-1.9451252,0.17956163,0.66741836,0.04974118620157242
-0.93995535,-0.17712519,0.8979153,-1.9378725,0.17210439,0.6692919,0.05190977826714516
-0.9987607,-0.18291846,0.93386143,-1.9301955,0.1650764,0.6713227,0.05263100937008858
-1.0571705,-0.18867274,0.9656535,-1.9221208,0.15833052,0.67325324,0.05109851062297821
-1.1152008,-0.19438964,0.9933263,-1.9136714,0.1517166,0.674923,0.047441206872463226
-1.1728662,-0.20007056,1.0169121,-1.9048611,0.14509797,0.67619973,0.04276611655950546
-1.2301794,-0.20571686,1.0364405,-1.8958027,0.13842161,0.676847,0.03878229856491089
-1.2871522,-0.21132958,1.0519394,-1.8867986,0.13168749,0.67651784,0.036554254591464996
-1.3437941,-0.2169097,1.0634344,-1.8780291,0.12485711,0.6752232,0.037957221269607544
-1.4001133,-0.22245808,1.0709498,-1.8692759,0.117941186,0.67363805,0.042193055152893066
-1.4561166,-0.2279753,1.0745091,-1.8607414,0.111014046,0.6738421,0.03850572556257248
-1.5118088,-0.23346186,1.0741345,-1.8541898,0.10403061,0.6750945,0.03697677329182625
-1.4753451,-0.2396884,0.9888051,-1.850676,0.096806355,0.6763577,0.032798200845718384
-1.438912,-0.24585982,0.89992094,-1.8495129,0.08896994,0.67721164,0.034482669085264206
-1.402829,-0.25197187,0.80798477,-1.8489108,0.080872364,0.67805964,0.04593706503510475
-1.4064599,-0.2567544,0.7226656,-1.8477998,0.07266628,0.67877114,0.06901674717664719
-1.4391487,-0.2605299,0.6415036,-1.8460736,0.064239286,0.6784792,0.09927622973918915
-1.4715506,-0.26427227,0.55714536,-1.8439727,0.055446852,0.6767167,0.12256810814142227
-1.5036589,-0.26798072,0.46964297,-1.8419911,0.045943122,0.67309684,0.13748164474964142
-1.5354679,-0.27165458,0.37904978,-1.8401998,0.036022585,0.6684904,0.14372612535953522
-1.5669711,-0.27529314,0.28541988,-1.838574,0.02744575,0.6660881,0.15179075300693512
-1.5981634,-0.27889583,0.18880826,-1.8377776,0.021313913,0.66467655,0.15770608186721802
-1.6290394,-0.28246194,0.08927056,-1.8374826,0.017247574,0.663659,0.1579354852437973
1.2296691,-0.040319543,1.0649145,-1.8373559,0.014995551,0.66305983,0.15273576974868774
1.110812,-0.046178766,1.0954989,-1.8371415,0.01439552,0.66298187,0.1472858339548111
0.9933817,-0.05196765,1.1218132,-1.8369279,0.014966652,0.66295165,0.14400458335876465
0.87733454,-0.05768835,1.1439143,-1.8371067,0.015994897,0.66216147,0.14037282764911652
0.76263,-0.06334286,1.1618559,-1.8382452,0.016860152,0.6600815,0.1382788121700287
0.6492306,-0.06893305,1.1756895,-1.8407072,0.017355025,0.65642977,0.13912826776504517
0.53710157,-0.07446059,1.1854637,-1.8440801,0.017375963,0.65134656,0.13558052480220795
0.426211,-0.07992709,1.1912256,-1.8481154,0.016485728,0.6460682,0.12172021716833115
0.3165296,-0.08533398,1.1930197,-1.8526323,0.01432596,0.64037716,0.10063570737838745
0.20803046,-0.09068258,1.1908896,-1.8573005,0.011188275,0.63467693,0.07806915789842606
0.10068913,-0.09597411,1.184877,-1.8619977,0.0073873787,0.629176,0.057220470160245895
-0.005516663,-0.101209655,1.1750227,-1.8667281,0.0032386454,0.62393504,0.04068401828408241
-0.11060704,-0.10639022,1.1613662,-1.8715068,-0.000990976,0.6189128,0.0288991741836071
-0.2146001,-0.11151669,1.1439468,-1.8766502,-0.0052625895,0.6140876,0.01909727230668068
-0.317512,-0.11658987,1.122803,-1.8819467,-0.009338881,0.6103189,0.019859714433550835
-0.41935727,-0.12161046,1.0979725,-1.8872353,-0.012514891,0.6072322,0.027637047693133354
-0.52014863,-0.12657909,1.0694934,-1.8925717,-0.01453208,0.60431015,0.037122249603271484
-0.61989737,-0.13149633,1.0374033,-1.8980052,-0.015554365,0.60185874,0.047867488116025925
-0.71861315,-0.13636261,1.0017399,-1.9034196,-0.015645366,0.60039383,0.061443258076906204
-0.8163045,-0.14117844,0.96254075,-1.9086529,-0.014783933,0.60005444,0.0745590403676033
-0.9129786,-0.14594413,0.9198443,-1.9136378,-0.012950788,0.6003792,0.08255190402269363
-1.0086417,-0.15065996,0.873689,-1.918469,-0.010143654,0.60090375,0.08618944883346558
-1.103299,-0.1553262,0.82411355,-1.9232458,-0.006491169,0.60143495,0.08756852895021439
-1.1830451,-0.1592563,0.8269789,-1.9274936,-0.0021175619,0.60229117,0.08255591988563538
-1.2509251,-0.16260013,0.8707615,-1.9306045,0.0026275949,0.6047884,0.07680029422044754
-1.318271,-0.16591765,0.9102896,-1.9327402,0.0074320952,0.6081801,0.0775727853178978
-1.3851048,-0.16920994,0.94560623,-1.9346097,0.01209392,0.6108843,0.07725496590137482
-1.4514457,-0.17247796,0.97675145,-1.9369411,0.016284648,0.6121663,0.07003072649240494
-1.5173123,-0.17572263,1.0037624,-1.9400548,0.020395404,0.61234707,0.05410777032375336
-1.5827205,-0.17894469,1.0266736,-1.943651,0.024782429,0.61244386,0.03360770642757416
-1.5025307,-0.1637904,0.8946491,-1.947011,0.029371807,0.61271566,0.014897972345352173
-1.4227715,-0.1488195,0.7597,-1.949563,0.033379707,0.612676,-0.002082293853163719
-1.3442513,-0.1340812,0.62295115,-1.9509194,0.036273733,0.6122897,-0.016810506582260132
-1.2669581,-0.1195732,0.48444283,-1.9510955,0.037912004,0.6121408,-0.03237583488225937
-1.1908795,-0.10529318,0.34421492,-1.950636,0.03849072,0.61256564,-0.05077516660094261
-1.116003,-0.09123879,0.20230676,-1.9500581,0.038276196,0.6133403,-0.06963979452848434
-1.0423161,-0.077407695,0.05875738,-1.9495968,0.037333462,0.6140144,-0.08386486768722534
1.2266234,-0.041219875,1.0587153,-1.9492812,0.0356635,0.6142748,-0.092145174741745
1.1047739,-0.041433353,1.0831729,-1.9490247,0.033227406,0.61393565,-0.09537002444267273
0.98440504,-0.04164423,1.1034307,-1.9489206,0.030479107,0.6130441,-0.09469961374998093
0.86547333,-0.041852586,1.1195438,-1.9482077,0.028261466,0.6130031,-0.0873640775680542
0.74793905,-0.042058494,1.131564,-1.9468986,0.027316589,0.6135677,-0.07568351179361343
0.6317648,-0.042262018,1.1395416,-1.9455041,0.0275781,0.6138514,-0.06452614068984985
0.51691645,-0.04246322,1.1435243,-1.9443047,0.028578728,0.6135622,-0.057751577347517014
0.40336248,-0.04266215,1.1435578,-1.9433436,0.030006165,0.6129214,-0.054961416870355606
0.29107395,-0.04285887,1.1396866,-1.9427624,0.03198573,0.6121893,-0.05496278405189514
0.1800243,-0.043053415,1.1319535,-1.9425322,0.03484365,0.6116396,-0.05663711205124855
0.070189394,-0.043245833,1.1204004,-1.9423195,0.03867911,0.6115776,-0.05927351489663124
-0.038452763,-0.043436162,1.105068,-1.941708,0.04328389,0.6121982,-0.06328541785478592
-0.1459221,-0.04362444,1.0859959,-1.9403429,0.048373416,0.61373967,-0.06870125979185104
-0.25223657,-0.04381069,1.0632241,-1.9380069,0.053689726,0.61642146,-0.07508406788110733
-0.35741237,-0.04399495,1.0367911,-1.9347543,0.059084047,0.6201173,-0.08202993124723434
-0.46146387,-0.044177238,1.0067354,-1.9308605,0.06436144,0.6243119,-0.08982250094413757
-0.56440395,-0.04435758,0.9730957,-1.9265155,0.06927959,0.6285061,-0.09922090172767639
-0.666244,-0.04453599,0.93591046,-1.9218467,0.073645175,0.6323601,-0.11071617156267166
-0.766994,-0.044712495,0.89521813,-1.9170508,0.07754472,0.6356963,-0.12381438165903091
-0.8666626,-0.044887107,0.8510575,-1.9123374,0.08131875,0.63852847,-0.13784067332744598
-0.9652577,-0.04505983,0.8034678,-1.90783,0.085327975,0.640975,-0.15233471989631653
-1.0404195,-0.04519054,0.842312,-1.9034159,0.08974723,0.64321786,-0.16715779900550842
-1.1138536,-0.045318026,0.88132226,-1.8987406,0.09460684,0.64522195,-0.18067362904548645
-1.1866928,-0.045444477,0.9161065,-1.8939563,0.09952533,0.64654976,-0.19028343260288239
-1.2589587,-0.045569938,0.9467069,-1.8895597,0.104295895,0.64685893,-0.19644494354724884
-1.3306711,-0.045694437,0.9731622,-1.8857306,0.10907921,0.6460109,-0.20206376910209656
-1.4018478,-0.045818005,0.9955091,-1.882286,0.113994345,0.6440307,-0.207062229514122
-1.4725053,-0.04594067,1.0137817,-1.8785577,0.119625136,0.64262336,-0.20792967081069946
-1.5426577,-0.04606246,1.0280123,-1.8754714,0.12561041,0.64235306,-0.21405166387557983
-1.6123177,-0.046183392,1.0382314,-1.8736571,0.13187306,0.64249563,-0.221831277012825
-1.6157849,-0.040141538,0.9840292,-1.8729227,0.13853881,0.6426247,-0.22785241901874542
-1.5881269,-0.03133282,0.896439,-1.8734596,0.14543916,0.6419952,-0.23536986112594604
-1.5607243,-0.022605445,0.8057503,-1.8750466,0.15193106,0.6405469,-0.24631381034851074
-1.5335822,-0.013961106,0.7120175,-1.876931,0.15698601,0.6390474,-0.2528841197490692
-1.506706,-0.005401396,0.6152957,-1.8788171,0.16041633,0.63804245,-0.250228613615036
-1.4801004,0.0030721845,0.5156412,-1.880669,0.16264169,0.63757867,-0.24029666185379028
-1.4537694,0.01145824,0.41311044,-1.8825133,0.16408636,0.63738096,-0.22989611327648163
-1.4277173,0.019755471,0.30776057,-1.884409,0.16505997,0.63712096,-0.22309261560440063
-1.4019481,0.027962679,0.19964913,-1.886423,0.16562231,0.6366057,-0.21830755472183228
-1.376465,0.03607876,0.088833846,-1.8885556,0.1657101,0.63583136,-0.2131483554840088
1.232287,0.02970316,1.061789,-1.8907056,0.1653041,0.6348965,-0.2071685791015625
1.1159807,0.020178692,1.0892953,-1.8927935,0.1643239,0.63382006,-0.2010805755853653
1.0010375,0.01076585,1.1125757,-1.8948187,0.16268814,0.6324841,-0.19698184728622437
0.88741696,0.0014613261,1.1316845,-1.8966637,0.16056706,0.63074744,-0.19632457196712494
0.7750819,-0.0077379323,1.1466731,-1.8984319,0.15829551,0.62843555,-0.19794221222400665
0.6639977,-0.016834753,1.1575902,-1.9001682,0.15608965,0.6254517,-0.20009563863277435
0.55413276,-0.025831733,1.1644828,-1.9016342,0.15359055,0.6219523,-0.20360469818115234
0.4454578,-0.03473126,1.1673958,-1.902736,0.15009908,0.6183297,-0.20806513726711273
0.3379461,-0.04353553,1.1663725,-1.9033735,0.14545918,0.61529964,-0.2115466147661209
0.23157333,-0.05224652,1.1614548,-1.9037592,0.13997798,0.6129986,-0.21500539779663086
0.12631744,-0.060866047,1.1526833,-1.9040626,0.13400237,0.6113358,-0.21759773790836334
0.022158433,-0.06939575,1.1400976,-1.9042618,0.1278924,0.610327,-0.21924518048763275
-0.08092163,-0.077837095,1.1237365,-1.9042333,0.12175888,0.6101331,-0.22035014629364014
-0.18293878,-0.0861914,1.1036383,-1.903856,0.11560709,0.61087465,-0.2197556495666504
-0.28390732,-0.09445983,1.0798407,-1.9031065,0.10948699,0.6125277,-0.21691907942295074
-0.38383988,-0.10264342,1.0523815,-1.9020616,0.10346925,0.6148121,-0.21313263475894928
-0.48274747,-0.110743076,1.021298,-1.9007952,0.09756082,0.61721104,-0.2088407576084137
-0.58063966,-0.11875958,0.98662806,-1.8993658,0.09183587,0.6192747,-0.20402179658412933
-0.6775247,-0.12669364,0.94840896,-1.897913,0.086417265,0.6207127,-0.19810792803764343
-0.77340966,-0.1345458,0.90667856,-1.8965527,0.08146342,0.62146693,-0.19115205109119415
-0.8683007,-0.14231655,0.8614753,-1.8953227,0.07708699,0.6216518,-0.18358345329761505
-0.96220255,-0.1500063,0.8128376,-1.894201,0.07336844,0.6213996,-0.17614611983299255
-1.0367571,-0.15611084,0.834895,-1.8930529,0.070264176,0.6209132,-0.1699083000421524
-1.1048069,-0.16168222,0.8763633,-1.8915536,0.06769628,0.62048125,-0.16543912887573242
-1.1723278,-0.1672103,0.91359866,-1.889484,0.06554848,0.6203659,-0.16266295313835144
-1.2393402,-0.17269675,0.94664294,-1.8869429,0.0636864,0.6207319,-0.16134436428546906
-1.3058634,-0.17814317,0.97553474,-1.8841653,0.06209929,0.6216631,-0.1612451672554016
-1.3719146,-0.18355092,1.00031,-1.8813783,0.060814176,0.6232101,-0.1624278724193573
-1.4375092,-0.18892132,1.0210019,-1.878806,0.05986844,0.6254403,-0.16489779949188232
-1.5026612,-0.19425549,1.0376422,-1.8766998,0.059376128,0.6284866,-0.1680031567811966
-1.5673828,-0.1995544,1.0502602,-1.875389,0.05945913,0.6324207,-0.170364648103714
-1.6316843,-0.20481895,1.0588835,-1.8752607,0.06016292,0.6372106,-0.17215166985988617
-1.6066694,-0.19856435,0.9953904,-1.876688,0.061557837,0.64266837,-0.1733718067407608
-1.5417199,-0.18712537,0.8971195,-1.8797235,0.063842945,0.64831364,-0.17247812449932098
-1.4775336,-0.1758208,0.79610026,-1.8837229,0.0670892,0.65351933,-0.16730853915214539
-1.4141134,-0.16465114,0.6923837,-1.8877952,0.07105159,0.657734,-0.15906071662902832
-1.3514614,-0.15361679,0.5860214,-1.8913772,0.075338356,0.6606752,-0.152495339512825
-1.28958,-0.14271815,0.47706482,-1.8942869,0.07930785,0.6624311,-0.14961151778697968
-1.2284706,-0.13195549,0.36556584,-1.8966414,0.08248908,0.66313183,-0.14988496899604797
-1.1681346,-0.12132901,0.25157627,-1.8986579,0.08474613,0.66295505,-0.15308113396167755
-1.1085724,-0.11083888,0.13514815,-1.9005525,0.08603173,0.6621747,-0.1572190672159195
-1.0501877,-0.100591965,0.020500127,-1.9024479,0.08643924,0.66113347,-0.16054531931877136
1.2370781,-0.016133439,1.0622479,-1.9043818,0.08618473,0.6597302,-0.16089566051959991
1.1254531,-0.02141199,1.0902215,-1.9062263,0.085647024,0.65760803,-0.15632446110248566
1.0150852,-0.026631102,1.1139762,-1.907899,0.085433766,0.6545924,-0.14908118546009064
0.90593755,-0.03179251,1.1335636,-1.9093429,0.086269386,0.6508293,-0.14323724806308746
0.7979757,-0.036897838,1.1490335,-1.9103488,0.088171534,0.6469276,-0.1403399407863617
0.69116867,-0.04194856,1.1604323,-1.9106503,0.090497956,0.64363116,-0.1389889270067215
0.5854873,-0.04694605,1.1678056,-1.9099933,0.092630796,0.6411936,-0.137981578707695
0.4809055,-0.05189154,1.1711963,-1.9083416,0.09421263,0.6392732,-0.1375787854194641
0.37739912,-0.05678618,1.1706465,-1.9060763,0.09486694,0.63730377,-0.13698603212833405
0.27494636,-0.061630998,1.1661963,-1.9036756,0.09451168,0.63491154,-0.13514888286590576
0.1735276,-0.06642692,1.1578846,-1.9012737,0.09335458,0.6321918,-0.13353043794631958
0.0731253,-0.07117476,1.1457502,-1.8987112,0.09178375,0.6292864,-0.13384409248828888
-0.02627619,-0.075875305,1.12983,-1.8955641,0.090088,0.62664336,-0.13858023285865784
-0.12469074,-0.08052916,1.1101615,-1.8914979,0.0883264,0.62573296,-0.14292053878307343
-0.22213046,-0.08513692,1.0867815,-1.8866694,0.08706144,0.62684363,-0.1463814526796341
-0.31860596,-0.08969908,1.0597264,-1.881533,0.08626281,0.62919533,-0.15027499198913574
-0.41412613,-0.09421607,1.0290327,-1.8766406,0.08564229,0.6315678,-0.15276531875133514
-0.5086987,-0.09868824,0.994737,-1.8721441,0.084979795,0.63336086,-0.1536567360162735
-0.60233,-0.1031159,0.9568762,-1.8679754,0.08425259,0.6344987,-0.15400485694408417
-0.6950253,-0.10749932,0.9154877,-1.8640643,0.083532296,0.6352209,-0.1548677533864975
-0.7867889,-0.111838646,0.8706091,-1.8603767,0.08290457,0.6359576,-0.15739686787128448
-0.8776238,-0.11613408,0.8222785,-1.8569715,0.08241191,0.63700825,-0.16188237071037292
-0.9538526,-0.11973811,0.826078,-1.8538601,0.082079925,0.6384699,-0.1666632443666458
-1.018608,-0.12279883,0.8687781,-1.8507653,0.08194813,0.64045286,-0.17142057418823242
-1.0828745,-0.12583645,0.9072451,-1.8473313,0.08201951,0.6430198,-0.17570354044437408
-1.1466725,-0.1288519,0.9415201,-1.8436415,0.08215677,0.6458846,-0.17896175384521484
-1.2100201,-0.13184609,0.9716415,-1.8399588,0.082252964,0.648704,-0.18111328780651093
-1.2729338,-0.13481978,0.99764484,-1.8363779,0.08233131,0.6512864,-0.18194034695625305
-1.3354293,-0.13777371,1.0195626,-1.8329368,0.08256122,0.653456,-0.18157875537872314
-1.3975202,-0.14070848,1.0374259,-1.8298463,0.08316262,0.6549883,-0.18090157210826874
-1.4592179,-0.14362468,1.0512632,-1.8274463,0.08437912,0.6556475,-0.18028783798217773
-1.5205328,-0.1465228,1.0611017,-1.8260758,0.08631782,0.65529644,-0.18036670982837677
-1.5814735,-0.1494032,1.0669667,-1.8259474,0.08905395,0.65411943,-0.18161077797412872
-1.610809,-0.15065701,1.0440878,-1.827167,0.09268826,0.6526651,-0.18290600180625916
-1.5596642,-0.14785686,0.95101357,-1.829806,0.09712519,0.6519259,-0.18038776516914368
-1.5090606,-0.14508629,0.855019,-1.8335929,0.10172138,0.65184855,-0.17176024615764618
-1.4590038,-0.1423457,0.75615716,-1.8381556,0.10590854,0.6517717,-0.15722468495368958
-1.4094994,-0.13963532,0.6544816,-1.8428212,0.10918718,0.65166163,-0.14289791882038116
-1.360552,-0.13695545,0.5500463,-1.8469597,0.11152898,0.6516452,-0.1314023733139038
-1.3121663,-0.13430634,0.44290578,-1.8507314,0.11311056,0.6515866,-0.12326683104038239
-1.2643464,-0.13168819,0.33311465,-1.8545332,0.113903224,0.651026,-0.12088073045015335
-1.2170956,-0.12910128,0.2207276,-1.858614,0.11375497,0.64972204,-0.12397988140583038
-1.1704172,-0.12654565,0.1057996,-1.8630018,0.11260979,0.6477088,-0.12864404916763306
-1.1259352,-0.12395669,0.020500205,-1.8676378,0.11059525,0.64507324,-0.0950799509882927
1.2217935,0.013409059,1.0639341,-2.0076172,0.39161095,0.76109827,-0.10368189960718155
1.0952471,0.013079092,1.0935276,-2.0084643,0.39024955,0.75797665,-0.10109689831733704
0.97030747,0.012753315,1.118844,-2.0097814,0.38850182,0.75163,-0.09706807136535645
0.84692454,0.012431597,1.1399426,-2.0111146,0.3862804,0.7437549,-0.09324291348457336
0.7250521,0.012113816,1.1568804,-2.011289,0.3833695,0.73773533,-0.09306902438402176
0.60464716,0.011799863,1.1697115,-2.0106053,0.37887707,0.73228997,-0.08591488748788834
0.4856698,0.011489632,1.1784873,-2.0099463,0.3724402,0.7272365,-0.06566236913204193
0.36808315,0.011183027,1.1832572,-2.0098152,0.36450768,0.7224017,-0.04185985401272774
0.25185323,0.01087996,1.1840683,-2.0104709,0.3557673,0.71752346,-0.020528700202703476
0.13694863,0.010580349,1.1809661,-2.0117378,0.3467345,0.71246874,-0.0025785642210394144
0.023340575,0.010284119,1.173995,-2.0130107,0.3375427,0.70708513,0.011670757085084915
-0.088997275,0.0099912,1.1631975,-2.0137649,0.32814783,0.7009458,0.025750387459993362
-0.20008902,0.0097015295,1.1486154,-2.0142915,0.31887656,0.69464236,0.03589406609535217
-0.30995655,0.009415053,1.1302893,-2.0156856,0.31072608,0.68864256,0.03515157103538513
-0.41861975,0.009131716,1.1082594,-2.0180547,0.30379295,0.68305224,0.03359140828251839
-0.5260967,0.008851472,1.0825655,-2.0208576,0.2981325,0.67781264,0.030564382672309875
-0.63240343,0.00857428,1.0532465,-2.0239751,0.2937171,0.6731331,0.01967785134911537
-0.7375545,0.008300101,1.0203416,-2.0271766,0.29039764,0.6689273,0.0022361809387803078
-0.84156287,0.008028901,0.9838894,-2.0302052,0.2879661,0.6647962,-0.018164370208978653
-0.94444,0.007760651,0.9439287,-2.0330567,0.28625545,0.6605641,-0.03914111852645874
-1.0461962,0.007495323,0.9004989,-2.035907,0.28519368,0.6563575,-0.059251319617033005
-1.1468406,0.007232895,0.853639,-2.0388694,0.28461385,0.6522583,-0.07662469893693924
-1.2463808,0.0069733458,0.8033886,-2.041854,0.28434926,0.64847517,-0.091188445687294
-1.3212543,0.0067791347,0.8444421,-2.044331,0.2841119,0.645822,-0.10220885276794434
-1.3943422,0.0065897442,0.8858541,-2.045786,0.28391644,0.6447801,-0.1072310283780098
-1.4668323,0.006401903,0.9230177,-2.0467339,0.28365937,0.6452002,-0.10589241236448288
-1.5387467,0.006215552,0.95597595,-2.0481615,0.2839439,0.64585835,-0.10597538203001022
-1.6101062,0.006030639,0.9847695,-2.0508077,0.28458467,0.6457868,-0.11165651679039001
-1.6809295,0.0058471155,1.009436,-2.054818,0.2854961,0.6451498,-0.12138756364583969
-1.7074618,0.009878867,0.9784848,-2.0595481,0.28676683,0.64480263,-0.13126948475837708
-1.6206591,0.024225041,0.8071589,-2.0639658,0.28835964,0.6449886,-0.13584525883197784
-1.5354985,0.038299832,0.6351835,-2.067395,0.29013526,0.6448543,-0.1358829140663147
-1.4519476,0.052108586,0.46256822,-2.0697272,0.29172748,0.643672,-0.13013461232185364
-1.3699747,0.06565654,0.28932256,-2.0711045,0.29273736,0.64139134,-0.1220715120434761
-1.2895491,0.078948766,0.11545634,-2.0716872,0.29282945,0.63858044,-0.11719124764204025
-1.2184974,0.09249081,0.020500159,-2.0717556,0.29206333,0.63578,-0.11607858538627625
1.2327076,0.049115356,1.0584602,-2.0716038,0.29050437,0.63300705,-0.11543554812669754
1.1167988,0.049187772,1.0826815,-2.071375,0.28798378,0.6299402,-0.10949744284152985
1.0022321,0.049259346,1.1027185,-2.0712209,0.28433183,0.6260744,-0.09564918279647827
0.8889695,0.049330108,1.1186235,-2.070385,0.28023535,0.62279016,-0.0757867619395256
0.77697545,0.049400076,1.1304462,-2.068397,0.27672893,0.62067443,-0.054200511425733566
0.6662172,0.049469274,1.1382337,-2.0652544,0.2748672,0.6200091,-0.033727116882801056
0.5566647,0.049537707,1.1420318,-2.0609894,0.2748022,0.6204742,-0.01817357912659645
0.44829047,0.049605414,1.1418839,-2.0557146,0.27587694,0.62155986,-0.009983777068555355
0.3410695,0.0496724,1.1378324,-2.0495331,0.27752665,0.62289757,-0.006998205091804266
0.23497888,0.049738683,1.1299179,-2.043341,0.27981034,0.6248899,-0.011904607526957989
0.12999797,0.04980427,1.1181806,-2.0382018,0.2829068,0.62913334,-0.026455989107489586
0.026108157,0.049869176,1.1026598,-2.0321498,0.2859667,0.6353916,-0.03815010190010071
-0.07670722,0.04993341,1.0833939,-2.0245655,0.28821862,0.642291,-0.04161503165960312
-0.17846303,0.049996983,1.0604208,-2.0165248,0.28982806,0.648644,-0.042618196457624435
-0.27917236,0.050059903,1.0337778,-2.0087085,0.2907292,0.6537558,-0.044762756675481796
-0.3788468,0.050122175,1.0035031,-2.0011246,0.2907719,0.6576623,-0.048444051295518875
-0.47749642,0.050183807,0.96963376,-1.9933438,0.2901238,0.6607789,-0.053203459829092026
-0.57512987,0.050244804,0.9322076,-1.9850867,0.2891894,0.6635217,-0.0608316995203495
-0.67175466,0.050305173,0.8912623,-1.9764565,0.28835127,0.6661447,-0.07192110270261765
-0.76737714,0.05036491,0.8468362,-1.9675775,0.2878304,0.6687634,-0.08515705913305283
-0.8607585,0.05042327,0.8039439,-1.9586293,0.28789175,0.67122465,-0.10249894112348557
-0.9309789,0.05046892,0.84673893,-1.95026,0.28887632,0.6739072,-0.1259889453649521
-1.0006373,0.050514203,0.8852815,-1.9421089,0.29064918,0.6759944,-0.15228234231472015
-1.0697558,0.050559144,0.9196148,-1.9339035,0.29276514,0.6773975,-0.17569801211357117
-1.1383541,0.050603744,0.949779,-1.9254564,0.29481077,0.6779721,-0.1908145546913147
-1.2064509,0.050648015,0.9758115,-1.9166205,0.2965367,0.67775804,-0.19662310183048248
-1.2740631,0.050691973,0.99774706,-1.9074378,0.29803142,0.6764478,-0.19791914522647858
-1.3412052,0.050735626,1.0156182,-1.897877,0.29943374,0.6739593,-0.19970089197158813
-1.4078904,0.05077898,1.0294555,-1.887242,0.30069003,0.67212427,-0.20888859033584595
-1.4741303,0.05082205,1.0392884,-1.8775353,0.30177978,0.6720237,-0.2156877964735031
-1.5399345,0.050864834,1.0451442,-1.8701856,0.3030661,0.6725276,-0.2235216498374939
-1.6053113,0.05090734,1.0470495,-1.8655077,0.3047115,0.67265093,-0.23126888275146484
-1.6316426,0.050746337,1.0120264,-1.863497,0.3063871,0.67154694,-0.23917827010154724
-1.5947264,0.050260704,0.91699094,-1.8638546,0.3080189,0.66921383,-0.2502683997154236
-1.558186,0.049780015,0.8190165,-1.8661729,0.30905414,0.6660367,-0.2536531090736389
-1.5220267,0.049304336,0.7181585,-1.8693445,0.30902717,0.66272116,-0.24505044519901276
-1.4862534,0.048833743,0.6144728,-1.8722211,0.3079467,0.6597191,-0.23087939620018005
-1.4508715,0.048368286,0.50801563,-1.8743783,0.30598468,0.65688676,-0.21689026057720184
-1.4158845,0.047908027,0.39884377,-1.8759553,0.30321616,0.65376765,-0.20824149250984192
-1.3812968,0.047453027,0.28701395,-1.8773268,0.29953307,0.64992386,-0.20594294369220734
-1.3471117,0.04700332,0.17258325,-1.8787218,0.2947207,0.64558953,-0.20651239156723022
-1.3133328,0.04655896,0.055608764,-1.8798839,0.28891546,0.64228153,-0.2045717090368271
1.2393736,0.0015944319,1.0612973,-1.8809304,0.28289223,0.6401371,-0.19652804732322693
1.1299899,0.0019718949,1.0883387,-1.88204,0.27691656,0.63825905,-0.17722183465957642
1.0218115,0.0023451992,1.1111776,-1.8832831,0.27121156,0.6360716,-0.15467004477977753
0.9148034,0.0027144656,1.1298645,-1.8845639,0.2660523,0.6337382,-0.13628292083740234
0.8089333,0.003079804,1.1444472,-1.8857619,0.26155388,0.631813,-0.12400775402784348
0.7041718,0.003441317,1.1549716,-1.8867238,0.25729194,0.6307541,-0.11742138117551804
0.60049176,0.0037990978,1.1614814,-1.8871957,0.2529769,0.63042796,-0.11531534045934677
0.49786866,0.0041532316,1.164019,-1.8870006,0.24854426,0.6303431,-0.11565271764993668
0.39628,0.004503796,1.1626248,-1.8861022,0.24411908,0.6302851,-0.11589409410953522
0.29570556,0.0048508593,1.1573381,-1.8845074,0.24012947,0.63045615,-0.11376543343067169
0.19612733,0.0051944857,1.1481974,-1.8822529,0.2374042,0.6310136,-0.109486423432827
0.0975291,0.005534731,1.13524,-1.8795134,0.23640928,0.63155484,-0.1072649359703064
-0.000103390776,0.0058716433,1.1185026,-1.8763249,0.23660083,0.63206416,-0.10863461345434189
-0.096782655,0.0062052654,1.0980219,-1.8725278,0.23738573,0.6328017,-0.11239270865917206
-0.19251956,0.0065356367,1.0738341,-1.8680242,0.23863679,0.63382655,-0.11766718327999115
-0.28732345,0.0068627875,1.0459751,-1.8628895,0.24039623,0.63505954,-0.12467296421527863
-0.38120213,0.007186746,1.0144813,-1.8573354,0.2427042,0.63634014,-0.13344718515872955
-0.47416222,0.007507534,0.9793891,-1.8515598,0.2454933,0.6374532,-0.14366066455841064
-0.56620896,0.007825172,0.9407351,-1.8456564,0.24857926,0.63820523,-0.15477973222732544
-0.65734667,0.008139673,0.8985564,-1.8396413,0.25177196,0.63846534,-0.16579444706439972
-0.74757844,0.008451046,0.85289055,-1.8331109,0.254915,0.6385804,-0.17995770275592804
-0.83690685,0.008759302,0.8037757,-1.8262872,0.2577879,0.63935864,-0.19305123388767242
-0.90226144,0.0089860875,0.84386015,-1.8197914,0.26032406,0.64120126,-0.20408359169960022
-0.96597373,0.009207411,0.88431066,-1.8140467,0.2625973,0.64344776,-0.2161499559879303
-1.0292183,0.009427107,0.92055315,-1.808923,0.26419345,0.64558434,-0.22767893970012665
-1.0920142,0.009645245,0.9526269,-1.8041668,0.2646041,0.6475526,-0.23676623404026031
-1.1543788,0.009861885,0.9805683,-1.7996031,0.26395008,0.6494532,-0.2429054081439972
-1.2163278,0.010077081,1.0044111,-1.7949879,0.26269895,0.65143573,-0.24698269367218018
-1.2778752,0.010290883,1.0241867,-1.7904427,0.2613678,0.6531832,-0.24959494173526764
-1.3390336,0.010503333,1.0399245,-1.7863328,0.2604518,0.65407765,-0.253060519695282
-1.3998138,0.010714469,1.0516518,-1.7828763,0.26028547,0.65370625,-0.25690823793411255
-1.4602247,0.0109243225,1.0593947,-1.7802402,0.2609083,0.65201116,-0.2581888735294342
-1.5202742,0.01113292,1.0631776,-1.7782536,0.26226583,0.64957637,-0.25771406292915344
-1.5799676,0.011340282,1.0630243,-1.776441,0.26406375,0.6476323,-0.2545417845249176
-1.5555282,0.009524291,0.9942585,-1.7751621,0.26632074,0.6467705,-0.2448413372039795
-1.5072862,0.0070671085,0.90251917,-1.7753097,0.26894143,0.646172,-0.23325583338737488
-1.459543,0.0046353186,0.8078224,-1.7772381,0.2713845,0.6449138,-0.2233624905347824
-1.4123042,0.002229231,0.71022123,-1.7803229,0.27298614,0.64321023,-0.2159009575843811
-1.3655759,-0.00015086716,0.6097696,-1.7836226,0.27359024,0.6417615,-0.20869915187358856
-1.3193628,-0.0025047092,0.50652176,-1.7867173,0.27333203,0.64056706,-0.20298585295677185
-1.2736702,-0.0048320503,0.40053242,-1.7898041,0.27217972,0.63907695,-0.20094294846057892
-1.2285022,-0.007132666,0.29185662,-1.7931569,0.26988685,0.63696885,-0.2017362415790558
-1.1838627,-0.009406355,0.18054964,-1.7968318,0.26625463,0.634288,-0.20210640132427216
-1.1397554,-0.01165294,0.06666685,-1.8007431,0.26139483,0.63139236,-0.20064370334148407
1.2463938,0.066187,1.0634702,-1.8048217,0.2556659,0.62921584,-0.19750289618968964
1.1438897,0.06587793,1.0926794,-1.8087716,0.24948217,0.62839377,-0.188698872923851
1.0424535,0.06557208,1.1176783,-1.8127058,0.24337503,0.62837064,-0.17427708208560944
0.9420541,0.06526935,1.1385156,-1.816997,0.238228,0.62792146,-0.15673798322677612
0.84266245,0.06496968,1.1552374,-1.8216485,0.23478633,0.6262195,-0.13870371878147125
0.74425215,0.06467295,1.1678876,-1.8261794,0.2331575,0.6235119,-0.12448830157518387
0.6467992,0.0643791,1.1765081,-1.829961,0.23307344,0.62038726,-0.11599870771169662
0.5502818,0.064088084,1.1811383,-1.8325703,0.23420419,0.6173966,-0.11515986174345016
0.45468038,0.06379982,1.1818174,-1.8338516,0.23612142,0.6149919,-0.12026318162679672
0.35997736,0.06351427,1.1785827,-1.8338534,0.23871092,0.6133828,-0.12725627422332764
0.26615703,0.06323137,1.1714706,-1.8328222,0.24205166,0.6125603,-0.13451015949249268
0.17320585,0.06295111,1.1605169,-1.8309543,0.24609894,0.6125012,-0.14250677824020386
0.08111192,0.06267342,1.1457562,-1.8283442,0.25062066,0.61326945,-0.15112045407295227
-0.010134928,0.062398292,1.1272236,-1.8250693,0.25534746,0.614999,-0.1590128093957901
-0.1005433,0.06212569,1.1049535,-1.8211432,0.2600232,0.6177994,-0.16593539714813232
-0.19012025,0.06185559,1.0789807,-1.8165605,0.26445717,0.6215901,-0.17406877875328064
-0.27887148,0.061587982,1.0493397,-1.8116213,0.2683132,0.6256185,-0.18549410998821259
-0.36680138,0.061322853,1.016065,-1.8067881,0.2713334,0.628942,-0.20259243249893188
-0.45391327,0.061060186,0.9791926,-1.8022484,0.27336535,0.6312797,-0.22499030828475952
-0.5402092,0.060799986,0.93875813,-1.7979913,0.2744861,0.63282865,-0.2494346797466278
-0.6256904,0.060542237,0.89479816,-1.7939836,0.27499697,0.6338739,-0.27061378955841064
-0.7103572,0.060286947,0.84734994,-1.7900424,0.27531344,0.6352085,-0.2858947217464447
-0.7928478,0.060038086,0.80189735,-1.7862442,0.2759288,0.6372797,-0.2958311140537262
-0.85093147,0.059864417,0.8486688,-1.7828177,0.27696967,0.63987774,-0.3003828823566437
-0.9086577,0.059691776,0.89006114,-1.7798939,0.278228,0.64223814,-0.298956036567688
-0.96598595,0.05952033,0.927256,-1.777227,0.279567,0.64389277,-0.2950211465358734
-1.0229335,0.05935003,0.9602914,-1.7743503,0.2807711,0.6450679,-0.29058653116226196
-1.0795164,0.05918081,0.98920244,-1.7709075,0.28164262,0.6465425,-0.28686290979385376
-1.1357491,0.05901264,1.0140214,-1.7666705,0.2819159,0.6490895,-0.2853228747844696
-1.1916447,0.058845475,1.0347782,-1.7618797,0.28155163,0.65263313,-0.28284838795661926
-1.247215,0.058679283,1.0515004,-1.757188,0.2808104,0.65639025,-0.276081919670105
-1.30247,0.05851403,1.0642134,-1.7530364,0.28016788,0.65982103,-0.26629844307899475
-1.3574178,0.058349703,1.0729417,-1.7496479,0.28007478,0.66274256,-0.25848349928855896
-1.4120653,0.058186274,1.0777078,-1.7472256,0.28069806,0.664878,-0.25556910037994385
-1.4664178,0.058023725,1.0785338,-1.7459196,0.2821225,0.6659358,-0.2565128207206726
-1.5204786,0.057862055,1.0754409,-1.7457932,0.2843799,0.6658915,-0.2606009542942047
-1.5163063,0.060931314,1.0247203,-1.7471308,0.2874677,0.66486293,-0.26667046546936035
-1.4734722,0.06612563,0.9412169,-1.7497146,0.291024,0.6632172,-0.2682943046092987
-1.4310408,0.071271166,0.8545906,-1.7529231,0.29400593,0.6610306,-0.257257342338562
-1.3890185,0.076367065,0.76489323,-1.7560865,0.29551128,0.6586319,-0.23626036942005157
-1.4246072,0.07958729,0.69123936,-1.7589475,0.2956059,0.65663797,-0.21380245685577393
-1.4626817,0.08270749,0.61505425,-1.7615042,0.29478592,0.655021,-0.19698059558868408
-1.500431,0.08580103,0.53561074,-1.7639695,0.2932702,0.6533271,-0.1886773705482483
-1.5378478,0.08886732,0.45295906,-1.7666373,0.29101837,0.6512046,-0.18795105814933777
-1.5022224,0.08529728,0.43582025,-1.7696112,0.28798214,0.64858246,-0.1908084899187088
-1.4568474,0.080855414,0.42358217,-1.7728523,0.28421956,0.645595,-0.1943097561597824
-1.4116862,0.07643446,0.40748608,-1.7763445,0.27984333,0.64232093,-0.1976320445537567
-1.3667424,0.072034806,0.3875521,-1.7801813,0.27482802,0.63869566,-0.19995786249637604
-1.3220208,0.0676569,0.36380157,-1.7844408,0.26905254,0.6347268,-0.20060235261917114
-1.2775273,0.06330132,0.33625728,-1.7892941,0.26271108,0.6308473,-0.20193389058113098
-1.2332685,0.058968708,0.30494365,-1.794417,0.25628263,0.6280982,-0.2025694102048874
-1.1892517,0.054659795,0.26988703,-1.7995797,0.2495885,0.6267952,-0.20012138783931732
-1.1454846,0.05037534,0.23111558,-1.8049259,0.2428217,0.62623733,-0.1931438446044922
-1.1019758,0.046116147,0.18865934,-1.8104482,0.23647754,0.6254911,-0.18177516758441925
-1.0587338,0.04188307,0.14255036,-1.8160608,0.2309767,0.6240248,-0.1676308959722519
-1.0157672,0.03767696,0.092822604,-1.8217175,0.22643805,0.6218821,-0.15325914323329926
1.2385114,0.00021970703,1.0640274,-1.8272791,0.22271532,0.6193134,-0.14294420182704926
1.1282929,-0.0043095835,1.093763,-1.8323884,0.21926768,0.6167648,-0.1390509158372879
1.0193053,-0.008788298,1.1192622,-1.8367314,0.21554865,0.6147842,-0.14042928814888
0.9115116,-0.013217945,1.1405773,-1.8405017,0.2116796,0.6138175,-0.1414463371038437
0.80487806,-0.017599918,1.157758,-1.8438197,0.20784426,0.61341697,-0.14225296676158905
0.6993734,-0.021935502,1.1708517,-1.8464203,0.20353653,0.6128305,-0.1398545652627945
0.5949688,-0.026225876,1.179903,-1.8480285,0.19808675,0.61186904,-0.13338229060173035
0.49163824,-0.030472117,1.1849556,-1.848793,0.1913347,0.6108965,-0.12645284831523895
0.38935775,-0.034675207,1.1860504,-1.8491994,0.18367717,0.610037,-0.12194512039422989
0.28810567,-0.038836032,1.1832281,-1.8497683,0.17569299,0.6090037,-0.11940190941095352
0.18786258,-0.042955395,1.1765275,-1.8507268,0.16773567,0.6073533,-0.11856432259082794
0.088610984,-0.047034014,1.1659865,-1.8517116,0.15982646,0.6056118,-0.11965836584568024
-0.009664578,-0.051072527,1.1516426,-1.8520725,0.15290324,0.6057404,-0.11857366561889648
-0.1069778,-0.0550715,1.1335324,-1.8520136,0.14784384,0.6067047,-0.11918892711400986
-0.20334062,-0.059031405,1.1116922,-1.8520321,0.1440615,0.60770875,-0.1177005022764206
-0.29876342,-0.06295268,1.0861583,-1.8522547,0.14088276,0.60881436,-0.11286768317222595
-0.39325488,-0.06683569,1.056967,-1.852614,0.13801917,0.610122,-0.1056610643863678
-0.48682258,-0.07068073,1.0241542,-1.8530399,0.13549435,0.61152923,-0.09878894686698914
-0.5794726,-0.07448806,0.98775667,-1.8534704,0.13337578,0.61289346,-0.09395509213209152
-0.67120993,-0.07825789,0.9478112,-1.8539572,0.13163772,0.6140686,-0.0911959633231163
-0.76203835,-0.08199036,0.90435505,-1.854652,0.130205,0.6149207,-0.09013868868350983
-0.8519609,-0.085685626,0.857426,-1.8555272,0.12909144,0.61546177,-0.092594213783741
-0.9409797,-0.08934374,0.8070625,-1.8560709,0.12795673,0.616753,-0.10048337280750275
-1.0076886,-0.09208408,0.84002197,-1.8561268,0.12696485,0.619477,-0.10695115476846695
-1.0703148,-0.09465629,0.8823693,-1.8554881,0.12651515,0.62346244,-0.11198173463344574
-1.1324807,-0.097209595,0.9204942,-1.8540746,0.12642096,0.62822026,-0.11479204893112183
-1.1942055,-0.09974477,0.9544369,-1.8521687,0.12632903,0.6332984,-0.11601781100034714
-1.2555065,-0.10226254,0.9842347,-1.849999,0.12611371,0.6384717,-0.11515229940414429
-1.3164002,-0.104763575,1.0099219,-1.8475708,0.12589125,0.64368904,-0.11224785447120667
-1.3769009,-0.10724848,1.0315305,-1.8450565,0.125832,0.64874035,-0.10806889086961746
-1.4370216,-0.10971778,1.0490904,-1.8428112,0.1260599,0.6533336,-0.1051284596323967
-1.4967735,-0.11217193,1.0626297,-1.8411461,0.12659563,0.65734464,-0.10526856780052185
-1.5561664,-0.114611335,1.0721741,-1.8403026,0.12745307,0.660855,-0.1084454208612442
-1.6152081,-0.11703633,1.0777482,-1.8405131,0.12868565,0.66401047,-0.11374181509017944
-1.5773442,-0.11064171,1.0099114,-1.8420286,0.13045463,0.6668263,-0.12012863904237747
-1.5161554,-0.102156624,0.92193896,-1.8448966,0.13295187,0.6691249,-0.12522698938846588
-1.4556208,-0.09376227,0.8310025,-1.8485787,0.13604993,0.6707498,-0.1253308653831482
-1.3957461,-0.0854594,0.7371522,-1.8522357,0.13936156,0.6716631,-0.12161218374967575
-1.3780543,-0.078067005,0.6366474,-1.8553829,0.14258751,0.6717109,-0.1181802973151207
-1.3677075,-0.07089168,0.5326146,-1.8579866,0.14527915,0.6706721,-0.1168588399887085
-1.3574686,-0.063791394,0.4257647,-1.8602287,0.14714555,0.668497,-0.1177200973033905
-1.3473397,-0.05676731,0.31615657,-1.8622835,0.14813459,0.6653609,-0.12068561464548111
-1.3373222,-0.04982046,0.2038493,-1.8641818,0.14825056,0.6616992,-0.12410146743059158
-1.3274177,-0.042951792,0.08890216,-1.8659413,0.14760002,0.6584203,-0.014287593774497509
1.233747,0.08667353,1.0595448,-2.001002,0.3773005,0.76165485,-0.015148747712373734
1.1188617,0.076528005,1.0848386,-2.001212,0.37546763,0.75925577,-0.012614822015166283
1.0053027,0.06649961,1.1059369,-2.0010412,0.37352547,0.755386,-0.011531451717019081
0.89303184,0.05658498,1.1228918,-2.0001392,0.3712307,0.7518508,-0.016993924975395203
0.7820139,0.04678099,1.135753,-1.9987565,0.36839437,0.7483914,-0.02811911515891552
0.67221624,0.037084766,1.1445682,-1.9972357,0.36464834,0.74460906,-0.03522651642560959
0.5636088,0.027493652,1.149383,-1.9957771,0.35948032,0.74079245,-0.0373813770711422
0.45616427,0.018005235,1.1502409,-1.9944117,0.35273194,0.73735666,-0.040918003767728806
0.3498576,0.008617298,1.1471844,-1.9931344,0.3444862,0.73436207,-0.04749436303973198
0.24466598,-0.0006721704,1.1402545,-1.9919636,0.3349285,0.73161054,-0.05479132756590843
0.1405688,-0.009864989,1.1294911,-1.9908035,0.3243423,0.7287996,-0.061058159917593
0.037547518,-0.018962793,1.1149331,-1.9894582,0.31303898,0.72572887,-0.0652279332280159
-0.06441448,-0.027967054,1.096619,-1.98771,0.3012877,0.7223834,-0.0672573372721672
-0.16533199,-0.036879074,1.0745864,-1.9853951,0.2892458,0.71880054,-0.06795075535774231
-0.26521808,-0.045700017,1.0488734,-1.9824463,0.27692524,0.71496975,-0.06849270313978195
-0.3640842,-0.05443088,1.0195171,-1.9788766,0.2642287,0.7108448,-0.06975255906581879
-0.46194038,-0.063072555,0.9865544,-1.9747695,0.2510495,0.70632726,-0.07202881574630737
-0.5587952,-0.0716258,0.9500233,-1.9702967,0.23742019,0.7012309,-0.07678888738155365
-0.65465605,-0.08009127,0.90996116,-1.9651376,0.22332585,0.6971277,-0.08468874543905258
-0.74952906,-0.08846951,0.86640614,-1.9584087,0.20962119,0.6944274,-0.08275174349546432
-0.84341955,-0.09676099,0.81939673,-1.9511429,0.19770767,0.69183266,-0.08292272686958313
-0.92088276,-0.103600875,0.831164,-1.9440033,0.1874406,0.68920624,-0.08659032732248306
-0.98947173,-0.10965642,0.872014,-1.9371128,0.17844284,0.68671453,-0.09063797444105148
-1.0575265,-0.11566479,0.90863526,-1.9301727,0.17043053,0.6845085,-0.0943179577589035
-1.1250669,-0.12162777,0.94106925,-1.922848,0.16335614,0.6825773,-0.09834486246109009
-1.1921126,-0.12754706,0.9693544,-1.9150761,0.15730223,0.68082374,-0.10387880355119705
-1.2586806,-0.13342415,0.9935264,-1.9070047,0.15218215,0.6791332,-0.11166131496429443
-1.3247862,-0.13926046,1.0136187,-1.8988167,0.14781158,0.6773782,-0.12212119251489639
-1.3904434,-0.1450572,1.0296627,-1.8906969,0.14404315,0.6755131,-0.13651210069656372
-1.4556644,-0.1508154,1.0416877,-1.8829376,0.14075512,0.67357546,-0.1551799178123474
-1.5204593,-0.15653601,1.0497216,-1.8758953,0.13788112,0.6715843,-0.17458803951740265
-1.584837,-0.16221976,1.053791,-1.8698746,0.1354351,0.669479,-0.19212305545806885
-1.5888704,-0.15798514,1.0002556,-1.8648385,0.13289146,0.66873705,-0.2088271826505661
-1.5285157,-0.14293912,0.88390034,-1.8618803,0.13007772,0.6696373,-0.203120619058609
-1.4689502,-0.12808982,0.7651658,-1.8613235,0.12792343,0.6707807,-0.1931399255990982
-1.4101735,-0.11343717,0.6441034,-1.8626161,0.12611735,0.6712939,-0.19021625816822052
-1.3521851,-0.09898101,0.5207643,-1.8646139,0.124313325,0.6713749,-0.19161586463451385
-1.2949837,-0.084721066,0.39519945,-1.8664227,0.12251724,0.67110485,-0.19361796975135803
-1.2385682,-0.070657,0.26745972,-1.8679484,0.12059904,0.6699418,-0.19447951018810272
-1.1829364,-0.056788333,0.13759553,-1.869431,0.11807968,0.6673601,-0.1940050721168518
-1.1292802,-0.04398457,0.020500166,-1.870827,0.11437712,0.663606,-0.19163240492343903
1.236515,-0.04899842,1.0602933,-1.8715034,0.10939838,0.6605239,-0.18382373452186584
1.1243377,-0.059441693,1.0863339,-1.8716643,0.10447861,0.65741307,-0.16832152009010315
1.0134289,-0.0697669,1.1081759,-1.8719654,0.10017194,0.6535681,-0.15139836072921753
0.903752,-0.07997742,1.1258708,-1.8726012,0.096762836,0.6490517,-0.13847295939922333
0.7952731,-0.09007642,1.1394675,-1.8731582,0.09430538,0.64421237,-0.12975037097930908
0.6879612,-0.10006677,1.1490129,-1.8732378,0.09244037,0.6394787,-0.12301117181777954
0.5817876,-0.109951146,1.1545519,-1.8721561,0.090295486,0.6358052,-0.12200366705656052
0.47672623,-0.11973197,1.1561271,-1.8698575,0.0872133,0.63340455,-0.12879760563373566
0.3727535,-0.12941146,1.1537801,-1.8673097,0.08291581,0.63146913,-0.14350835978984833
0.26984784,-0.13899161,1.1475517,-1.865098,0.0770497,0.6294701,-0.1600659191608429
0.16798979,-0.14847422,1.1374805,-1.8632569,0.06934494,0.627565,-0.17421963810920715
0.06716201,-0.15786093,1.1236049,-1.8615824,0.0603208,0.62608814,-0.18505418300628662
-0.032650977,-0.16715315,1.1059626,-1.8596954,0.050335366,0.6252141,-0.19234603643417358
-0.13146289,-0.17635216,1.0845909,-1.8572748,0.039581303,0.62478536,-0.1972387284040451
-0.2292857,-0.18545912,1.0595272,-1.8539805,0.027974742,0.6251856,-0.20084425806999207
-0.3261299,-0.19447494,1.0308077,-1.8491743,0.016320266,0.6279471,-0.1996806114912033
-0.4220045,-0.2034005,0.99846965,-1.8431718,0.005934812,0.6318304,-0.19834716618061066
-0.5169171,-0.2122365,0.9625497,-1.8368505,-0.0027044793,0.6350938,-0.19920718669891357
-0.61087406,-0.22098356,0.9230852,-1.8306686,-0.009808458,0.63736695,-0.199397012591362
-0.7038809,-0.22964215,0.8801138,-1.8245295,-0.015982162,0.639048,-0.1982092708349228
-0.7959416,-0.23821263,0.83367354,-1.8184614,-0.021558264,0.6402295,-0.19412775337696075
-0.87862164,-0.24590944,0.81774324,-1.8125713,-0.026514787,0.64087856,-0.18914563953876495
-0.9451353,-0.25209993,0.86018646,-1.8070912,-0.03071462,0.641677,-0.18725666403770447
-1.0111369,-0.25824276,0.8983924,-1.8018769,-0.03397481,0.64303964,-0.18833887577056885
-1.0766472,-0.26433986,0.93240273,-1.7966448,-0.03630138,0.6445832,-0.19383008778095245
-1.1416843,-0.2703929,0.9622563,-1.7911389,-0.03786191,0.64595115,-0.2028989940881729
-1.206266,-0.27640352,0.987989,-1.7852074,-0.038896464,0.64696556,-0.2130143940448761
-1.2704077,-0.28237322,1.0096344,-1.7789359,-0.039661914,0.64734364,-0.2202003002166748
-1.3341235,-0.28830323,1.0272236,-1.7724526,-0.04032318,0.64733785,-0.2304595708847046
-1.3974253,-0.29419473,1.0407857,-1.766489,-0.041045997,0.6482375,-0.23091770708560944
-1.4603236,-0.3000487,1.0503488,-1.7620325,-0.041180994,0.65005994,-0.22142663598060608
-1.5228274,-0.30586594,1.0559388,-1.759891,-0.040432423,0.6519698,-0.21205365657806396
-1.5164714,-0.3094613,0.9981192,-1.7602454,-0.038888738,0.65326536,-0.2050924301147461
-1.4635574,-0.3115555,0.8959514,-1.762641,-0.036734622,0.6536854,-0.20442987978458405
-1.4112489,-0.3136257,0.7910491,-1.7662848,-0.034219544,0.6531093,-0.20575198531150818
-1.4143277,-0.31516427,0.69711804,-1.7702512,-0.031847496,0.651858,-0.20319727063179016
-1.4615387,-0.31627813,0.6112308,-1.7738241,-0.02996345,0.65040094,-0.1952989250421524
-1.508288,-0.31738105,0.5222771,-1.7768385,-0.028662592,0.64869136,-0.18541812896728516
-1.5545684,-0.31847295,0.43030912,-1.7793981,-0.02796692,0.64677685,-0.17849761247634888
-1.6003741,-0.31955364,0.33537954,-1.7814598,-0.027731588,0.6452213,-0.1780805140733719
-1.6456983,-0.320623,0.23754196,-1.7826729,-0.027610125,0.64396507,-0.17933772504329681
-1.6905357,-0.32168087,0.13685046,-1.7832515,-0.026956003,0.64214593,-0.18015451729297638
-1.7348809,-0.32272714,0.033359706,-1.7837398,-0.025396537,0.63986987,-0.18489474058151245
1.2284528,-0.07232364,1.0617019,-1.7843535,-0.022627631,0.6373807,-0.19567066431045532
1.1083974,-0.07469787,1.0891123,-1.7850758,-0.018306123,0.6347356,-0.20570826530456543
0.9897873,-0.0770435,1.1122895,-1.7861587,-0.012677099,0.6317534,-0.21220259368419647
0.87257934,-0.07936141,1.13129,-1.7879411,-0.006589459,0.62807965,-0.21777208149433136
0.7567335,-0.08165238,1.1461658,-1.7906511,-0.0008184753,0.62324595,-0.2241530567407608
0.6422128,-0.083917156,1.1569676,-1.7942051,0.004053876,0.6183474,-0.23322677612304688
0.52898324,-0.08615639,1.1637435,-1.798937,0.0075786966,0.6140488,-0.2494431734085083
0.41701323,-0.08837072,1.1665395,-1.8044134,0.009794586,0.6101244,-0.27040910720825195
0.30627388,-0.09056071,1.1654004,-1.8101958,0.010862481,0.60681236,-0.29136571288108826
0.19673882,-0.09272689,1.1603687,-1.8162014,0.010951292,0.60413635,-0.3096781373023987
0.08838394,-0.094869725,1.1514863,-1.8224436,0.01050216,0.60187066,-0.3229496479034424
-0.0188126,-0.096989654,1.1387936,-1.8289937,0.009896573,0.5996388,-0.3311019539833069
-0.1248706,-0.09908707,1.1223307,-1.8360994,0.009200227,0.5971528,-0.3347429633140564
-0.22980784,-0.10116232,1.1021363,-1.843299,0.008591467,0.59534216,-0.3292514681816101
-0.3336403,-0.103215724,1.0782491,-1.8498327,0.0086479345,0.59414685,-0.3189840614795685
-0.43638223,-0.10524757,1.0507076,-1.8553947,0.009736701,0.5928843,-0.30962470173835754
-0.5380462,-0.10725809,1.0195491,-1.8601218,0.011674586,0.5918148,-0.29997560381889343
-0.63864326,-0.10924751,0.98481244,-1.8641412,0.014191429,0.5913731,-0.28650468587875366
-0.7381832,-0.11121603,0.9465354,-1.8675231,0.017162625,0.5915031,-0.2711688280105591
-0.8366744,-0.113163814,0.90475637,-1.8703128,0.0206181,0.5917462,-0.25865641236305237
-0.93412405,-0.11509099,0.8595137,-1.8725468,0.024704143,0.5917304,-0.24936094880104065
-1.0305386,-0.11699769,0.81084657,-1.8742951,0.029543854,0.591333,-0.24210888147354126
-1.1073998,-0.118517004,0.83449155,-1.8751557,0.03498709,0.59095895,-0.2421802431344986
-1.1777972,-0.11990808,0.87598497,-1.8748446,0.040483166,0.5923191,-0.24311253428459167
-1.2476344,-0.12128808,0.91323817,-1.8738598,0.045857936,0.59559345,-0.23712801933288574
-1.3169329,-0.12265743,0.94629353,-1.872916,0.051158533,0.59935397,-0.22846388816833496
-1.3857126,-0.12401654,0.97519046,-1.872587,0.056323558,0.60278785,-0.22250600159168243
-1.4539914,-0.12536575,0.99996567,-1.8731896,0.061513178,0.6061646,-0.22328445315361023
-1.5217857,-0.1267054,1.0206536,-1.8746485,0.06714354,0.609968,-0.22924800217151642
-1.562451,-0.12606025,1.0122066,-1.8765401,0.0733894,0.6142222,-0.2396765500307083
-1.4945015,-0.11743752,0.89748204,-1.8785919,0.07963062,0.6181878,-0.25329211354255676
-1.4274511,-0.10892892,0.7803753,-1.8806813,0.085038126,0.62106264,-0.2688283920288086
-1.3612987,-0.10053424,0.6609365,-1.8826349,0.08937907,0.6228491,-0.2841343581676483
-1.2960421,-0.09225325,0.5392154,-1.8843917,0.092687726,0.6240276,-0.2998800277709961
-1.2316792,-0.084085695,0.4152619,-1.886017,0.09498587,0.6249448,-0.3155875504016876
-1.1682076,-0.07603123,0.28912538,-1.8875316,0.09655067,0.625543,-0.3289574980735779
-1.1056244,-0.06808949,0.16085513,-1.8890387,0.09757817,0.62556916,-0.33813023567199707
-1.0439262,-0.060260076,0.030500107,-1.8907046,0.098100804,0.62484163,-0.343893438577652
1.2246274,-0.07677553,1.0602478,-1.8926953,0.09808202,0.62336767,-0.3478163182735443
1.100835,-0.07456344,1.0862125,-1.8950049,0.09739,0.62123764,-0.35051479935646057
0.9785731,-0.072378725,1.107954,-1.8975755,0.0959154,0.61836106,-0.3523661494255066
0.85779613,-0.07022054,1.1255287,-1.9001975,0.09382955,0.6148202,-0.35283130407333374
0.7384618,-0.06808814,1.1389905,-1.9022105,0.09128047,0.6120226,-0.3504079580307007
0.620531,-0.065980814,1.1483909,-1.9038626,0.08835206,0.61039096,-0.34590911865234375
0.50396746,-0.06389792,1.1537786,-1.9056697,0.08545075,0.60961497,-0.3413766324520111
0.38873765,-0.061838865,1.1552007,-1.9077672,0.08290092,0.6093767,-0.3375227153301239
0.27481073,-0.059803087,1.1527029,-1.9100965,0.08091211,0.6093234,-0.33414745330810547
0.16215847,-0.057790082,1.1463287,-1.9124893,0.079859994,0.60898143,-0.3333509862422943
0.050754998,-0.05579939,1.1361207,-1.9146979,0.07988151,0.60807896,-0.3365156054496765
-0.059423283,-0.05383059,1.1221203,-1.9165645,0.08075868,0.60666823,-0.3416232764720917
-0.16839783,-0.051883303,1.1043682,-1.9180804,0.082257085,0.6048548,-0.3466359078884125
-0.27618808,-0.049957182,1.082904,-1.9192587,0.08421765,0.6027399,-0.35026806592941284
-0.3828115,-0.04805191,1.0577675,-1.920031,0.08635828,0.6008241,-0.35276323556900024
-0.4882839,-0.046167206,1.0289974,-1.920386,0.08869008,0.5994168,-0.3539242148399353
-0.59261936,-0.04430282,0.9966324,-1.9202712,0.091265574,0.59874123,-0.3544957935810089
-0.69583035,-0.042458527,0.96071136,-1.9196545,0.09399594,0.5989559,-0.355071485042572
-0.79792804,-0.040634114,0.9212729,-1.9186609,0.096796766,0.6000433,-0.3560184836387634
-0.8989222,-0.038829427,0.87835586,-1.9174656,0.09969699,0.601826,-0.3573172986507416
-0.99882144,-0.037044305,0.83199924,-1.9161422,0.10278603,0.604074,-0.35872459411621094
-1.0890574,-0.035431556,0.81682515,-1.9145874,0.10603481,0.6065991,-0.3601447641849518
-1.1631111,-0.03410716,0.8591351,-1.9124237,0.109353095,0.6094421,-0.36056724190711975
-1.2365496,-0.032793764,0.897184,-1.909319,0.11263051,0.61278045,-0.35942456126213074
-1.3093961,-0.031490948,0.9310163,-1.9054868,0.11580834,0.616563,-0.3572538197040558
-1.3816718,-0.030198347,0.96067333,-1.901754,0.11910999,0.62035996,-0.35580435395240784
-1.4533961,-0.028915606,0.9861935,-1.8989217,0.12257908,0.62388515,-0.3568688929080963
-1.524587,-0.027642412,1.0076128,-1.8973191,0.12642361,0.62723315,-0.3604259788990021
-1.5952601,-0.026378479,1.024965,-1.8966631,0.13080978,0.63075876,-0.3668915927410126
-1.5790833,-0.016864654,0.9481147,-1.8965435,0.13567577,0.63447565,-0.37426096200942993
-1.5223244,-0.0034442684,0.8243626,-1.8966969,0.14082578,0.6376933,-0.3821393549442291
-1.4663347,0.009794261,0.69838744,-1.8969003,0.14569049,0.6395902,-0.3920978307723999
-1.4111128,0.02285123,0.5702404,-1.8970265,0.14969994,0.6400793,-0.40438899397850037
-1.356657,0.03572703,0.439972,-1.8971245,0.15245385,0.639793,-0.41580042243003845
-1.3029652,0.04842214,0.30763274,-1.8972111,0.15406416,0.6390757,-0.42397192120552063
-1.2500355,0.060937114,0.17327248,-1.8973305,0.15477473,0.6378465,-0.4284164607524872
-1.197865,0.07327261,0.03694062,-1.8976291,0.15471543,0.6360671,-0.4298051595687866
1.2386179,0.08493125,1.0593153,-1.8982979,0.15394689,0.6338351,-0.42867979407310486
1.1284901,0.08201214,1.0843966,-1.8994019,0.15241022,0.63129085,-0.42552652955055237
1.0195794,0.07912531,1.1052959,-1.900741,0.15024379,0.62841505,-0.4220398962497711
0.911851,0.07626981,1.1220634,-1.9018775,0.14815973,0.6250541,-0.41987669467926025
0.8052734,0.07344482,1.1347467,-1.9024771,0.1472361,0.6209847,-0.4173280596733093
0.69981724,0.07064955,1.1433909,-1.9020555,0.14792506,0.6166764,-0.41019365191459656
0.5954557,0.06788329,1.1480399,-1.9002851,0.15037398,0.6132344,-0.40136459469795227
0.49216464,0.0651454,1.1487353,-1.8972987,0.1544711,0.61008906,-0.4006500542163849
0.3899218,0.062435288,1.1455175,-1.8933659,0.1594714,0.60774034,-0.40708133578300476
